{
  "posts": [
    {
      "firstname": "",
      "lastName": "",
      "email": "",
      "phone": "",
      "id": 1
    },
    {
      "firstname": "Mohit",
      "lastName": "Sharma",
      "email": "mohitsharma14610@gmail.com",
      "phone": "+1 09882038332",
      "id": 2
    },
    {
      "firstname": "Rohit",
      "lastName": "Sharma",
      "email": "mohitsharma1@gmail.com",
      "phone": "+109882035332",
      "id": 3
    }
  ],
  "comments": [
    {
      "id": 1,
      "body": "some comment",
      "postId": 1
    }
  ],
  "profile": {
    "name": "typicode"
  }
}