{
  "Pockets": [
    {
      "id": 1
    },
    {
      "https://www.facebook.com": {
        "author": null,
        "date": null,
        "description": "अपने मित्रों, परिवार और अपने परिचित लोगों से साझा करना और कनेक्ट करना शुरू करने के लिए Facebook में लॉग इन करें.",
        "image": "https://www.facebook.com/images/fb_icon_325x325.png",
        "logo": "https://logo.clearbit.com/facebook.com",
        "publisher": "Facebook",
        "title": "Facebook - लॉग इन या साइन अप करें",
        "url": "https://www.facebook.com"
      },
      "id": 2
    },
    {
      "https://www.facebook.com": {
        "author": null,
        "date": null,
        "description": "अपने मित्रों, परिवार और अपने परिचित लोगों से साझा करना और कनेक्ट करना शुरू करने के लिए Facebook में लॉग इन करें.",
        "image": "https://www.facebook.com/images/fb_icon_325x325.png",
        "logo": "https://logo.clearbit.com/facebook.com",
        "publisher": "Facebook",
        "title": "Facebook - लॉग इन या साइन अप करें",
        "url": "https://www.facebook.com"
      },
      "https://www.amazon.com/": {
        "author": null,
        "date": null,
        "description": null,
        "image": "https://images-na.ssl-images-amazon.com/captcha/twhhswbk/Captcha_nmejqovmoz.jpg",
        "logo": "https://logo.clearbit.com/amazon.com",
        "publisher": "Amazon",
        "title": "Amazon.com",
        "url": "https://www.amazon.com/"
      },
      "id": 3
    },
    {
      "id": 4
    },
    {
      "https://www.facebook.com": {
        "author": null,
        "date": null,
        "description": "अपने मित्रों, परिवार और अपने परिचित लोगों से साझा करना और कनेक्ट करना शुरू करने के लिए Facebook में लॉग इन करें.",
        "image": "https://www.facebook.com/images/fb_icon_325x325.png",
        "logo": "https://logo.clearbit.com/facebook.com",
        "publisher": "Facebook",
        "title": "Facebook - लॉग इन या साइन अप करें",
        "url": "https://www.facebook.com"
      },
      "id": 5
    },
    {
      "https://www.facebook.com": {
        "author": null,
        "date": null,
        "description": "अपने मित्रों, परिवार और अपने परिचित लोगों से साझा करना और कनेक्ट करना शुरू करने के लिए Facebook में लॉग इन करें.",
        "image": "https://www.facebook.com/images/fb_icon_325x325.png",
        "logo": "https://logo.clearbit.com/facebook.com",
        "publisher": "Facebook",
        "title": "Facebook - लॉग इन या साइन अप करें",
        "url": "https://www.facebook.com"
      },
      "https://www.amazon.com/": {
        "author": null,
        "date": null,
        "description": null,
        "image": "https://images-na.ssl-images-amazon.com/captcha/sgkknrsj/Captcha_hflqwglfjw.jpg",
        "logo": "https://logo.clearbit.com/amazon.com",
        "publisher": "Amazon",
        "title": "Amazon.com",
        "url": "https://www.amazon.com/"
      },
      "id": 6
    }
  ]
}